P03_V02,hto_cmo_ref_0.csv,hto_demux_config_P03_V02.conf
P02_V02,hto_cmo_ref_0.csv,hto_demux_config_P02_V02.conf
P05_V02,hto_cmo_ref_0.csv,hto_demux_config_P05_V02.conf
P04_V02,hto_cmo_ref_0.csv,hto_demux_config_P04_V02.conf
P13_V02,hto_cmo_ref_1.csv,hto_demux_config_P13_V02.conf
P12_V02,hto_cmo_ref_1.csv,hto_demux_config_P12_V02.conf
P04_V06,hto_cmo_ref_1.csv,hto_demux_config_P04_V06.conf
P02_V06,hto_cmo_ref_1.csv,hto_demux_config_P02_V06.conf
P05_V06,hto_cmo_ref_1.csv,hto_demux_config_P05_V06.conf
P03_V06,hto_cmo_ref_1.csv,hto_demux_config_P03_V06.conf
P15_V06,hto_cmo_ref_1.csv,hto_demux_config_P15_V06.conf
P17_V06,hto_cmo_ref_1.csv,hto_demux_config_P17_V06.conf
P08_V02,hto_cmo_ref_1.csv,hto_demux_config_P08_V02.conf
P14_V02,hto_cmo_ref_1.csv,hto_demux_config_P14_V02.conf
P03_V15,hto_cmo_ref_2.csv,hto_demux_config_P03_V15.conf
P05_V14,hto_cmo_ref_2.csv,hto_demux_config_P05_V14.conf
P14_V06,hto_cmo_ref_2.csv,hto_demux_config_P14_V06.conf
P08_V06,hto_cmo_ref_2.csv,hto_demux_config_P08_V06.conf
P12_V15,hto_cmo_ref_2.csv,hto_demux_config_P12_V15.conf
P12_V06,hto_cmo_ref_2.csv,hto_demux_config_P12_V06.conf
P05_V15,hto_cmo_ref_2.csv,hto_demux_config_P05_V15.conf
P04_V15,hto_cmo_ref_2.csv,hto_demux_config_P04_V15.conf
P02_V15,hto_cmo_ref_2.csv,hto_demux_config_P02_V15.conf
P13_V15,hto_cmo_ref_2.csv,hto_demux_config_P13_V15.conf
P04_V14,hto_cmo_ref_2.csv,hto_demux_config_P04_V14.conf
P08_V14,hto_cmo_ref_2.csv,hto_demux_config_P08_V14.conf
P03_V14,hto_cmo_ref_2.csv,hto_demux_config_P03_V14.conf
P13_V14,hto_cmo_ref_2.csv,hto_demux_config_P13_V14.conf
P13_V06,hto_cmo_ref_2.csv,hto_demux_config_P13_V06.conf
P14_V14,hto_cmo_ref_2.csv,hto_demux_config_P14_V14.conf
P12_V14,hto_cmo_ref_2.csv,hto_demux_config_P12_V14.conf
P02_V14,hto_cmo_ref_2.csv,hto_demux_config_P02_V14.conf
P08_V15,hto_cmo_ref_3.csv,hto_demux_config_P08_V15.conf
P14_V15,hto_cmo_ref_4.csv,hto_demux_config_P14_V15.conf
P17_V15,hto_cmo_ref_4.csv,hto_demux_config_P17_V15.conf
P15_V14,hto_cmo_ref_5.csv,hto_demux_config_P15_V14.conf
P15_V15,hto_cmo_ref_6.csv,hto_demux_config_P15_V15.conf
P17_V14,hto_cmo_ref_7.csv,hto_demux_config_P17_V14.conf